{
	"format_version": "1.8.0",
	"animations": {
		"animation.idle": {
			"loop": true,
			"animation_length": 0.33333,
			"bones": {
				"center": {
					"rotation": {
						"0.0": {
							"vector": [0, 0, 0]
						},
						"0.0417": {
							"vector": [0, 0, 45]
						},
						"0.0833": {
							"vector": [0, 0, 90]
						},
						"0.125": {
							"vector": [0, 0, 135]
						},
						"0.1667": {
							"vector": [0, 0, 180]
						},
						"0.2083": {
							"vector": [0, 0, 225]
						},
						"0.25": {
							"vector": [0, 0, 270]
						},
						"0.2917": {
							"vector": [0, 0, 315]
						},
						"0.3333": {
							"vector": [0, 0, 360]
						}
					}
				},
				"leftWing": {
					"rotation": {
						"vector": [-54.37904, 48.87996, -65.0467]
					}
				},
				"rightWing": {
					"rotation": {
						"vector": [-54.37904, -48.87991, 65.04669]
					}
				}
			}
		},
		"animation.flying": {
			"loop": true,
			"animation_length": 2,
			"bones": {
				"center": {
					"rotation": {
						"0.0": {
							"vector": [0, 0, 0]
						},
						"0.0417": {
							"vector": [0, 0, 45]
						},
						"0.0833": {
							"vector": [0, 0, 90]
						},
						"0.125": {
							"vector": [0, 0, 135]
						},
						"0.1667": {
							"vector": [0, 0, 180]
						},
						"0.2083": {
							"vector": [0, 0, 225]
						},
						"0.25": {
							"vector": [0, 0, 270]
						},
						"0.2917": {
							"vector": [0, 0, 315]
						},
						"0.3333": {
							"vector": [0, 0, 360]
						},
						"0.375": {
							"vector": [0, 0, 0]
						},
						"0.4167": {
							"vector": [0, 0, 45]
						},
						"0.4583": {
							"vector": [0, 0, 90]
						},
						"0.5": {
							"vector": [0, 0, 135]
						},
						"0.5417": {
							"vector": [0, 0, 180]
						},
						"0.5833": {
							"vector": [0, 0, 225]
						},
						"0.625": {
							"vector": [0, 0, 270]
						},
						"0.6667": {
							"vector": [0, 0, 315]
						},
						"0.7083": {
							"vector": [0, 0, 360]
						},
						"0.75": {
							"vector": [0, 0, 0]
						},
						"0.7917": {
							"vector": [0, 0, 45]
						},
						"0.8333": {
							"vector": [0, 0, 90]
						},
						"0.875": {
							"vector": [0, 0, 135]
						},
						"0.9167": {
							"vector": [0, 0, 180]
						},
						"0.9583": {
							"vector": [0, 0, 225]
						},
						"1.0": {
							"vector": [0, 0, 270]
						},
						"1.0417": {
							"vector": [0, 0, 315]
						},
						"1.0833": {
							"vector": [0, 0, 360]
						},
						"1.125": {
							"vector": [0, 0, 0]
						},
						"1.1667": {
							"vector": [0, 0, 45]
						},
						"1.2083": {
							"vector": [0, 0, 90]
						},
						"1.25": {
							"vector": [0, 0, 135]
						},
						"1.2917": {
							"vector": [0, 0, 180]
						},
						"1.3333": {
							"vector": [0, 0, 225]
						},
						"1.375": {
							"vector": [0, 0, 270]
						},
						"1.4167": {
							"vector": [0, 0, 315]
						},
						"1.4583": {
							"vector": [0, 0, 360]
						},
						"1.5": {
							"vector": [0, 0, 0]
						},
						"1.5417": {
							"vector": [0, 0, 45]
						},
						"1.5833": {
							"vector": [0, 0, 90]
						},
						"1.625": {
							"vector": [0, 0, 135]
						},
						"1.6667": {
							"vector": [0, 0, 180]
						},
						"1.7083": {
							"vector": [0, 0, 225]
						},
						"1.75": {
							"vector": [0, 0, 270]
						},
						"1.7917": {
							"vector": [0, 0, 315]
						},
						"1.8333": {
							"vector": [0, 0, 360]
						},
						"1.875": {
							"vector": [0, 0, 0]
						},
						"1.9167": {
							"vector": [0, 0, 45]
						},
						"1.9583": {
							"vector": [0, 0, 90]
						},
						"2.0": {
							"vector": [0, 0, 135]
						}
					}
				},
				"leftWing": {
					"rotation": {
						"0.0": {
							"vector": [0, 15, 0]
						},
						"0.5": {
							"vector": [0, 62.5, 0]
						},
						"1.0": {
							"vector": [0, 15, 0]
						},
						"1.5": {
							"vector": [0, 62.5, 0]
						},
						"2.0": {
							"vector": [0, 15, 0]
						}
					}
				},
				"rightWing": {
					"rotation": {
						"0.0": {
							"vector": [0, -15, 0]
						},
						"0.5": {
							"vector": [0, -62.5, 0]
						},
						"1.0": {
							"vector": [0, -15, 0]
						},
						"1.5": {
							"vector": [0, -62.5, 0]
						},
						"2.0": {
							"vector": [0, 15, 0]
						}
					}
				}
			}
		}
	},
	"azurelib_format_version": 2
}