{
	"format_version": "1.8.0",
	"animations": {
		"animation.souls": {
			"loop": true,
			"animation_length": 0.5,
			"bones": {
				"soul1": {
					"rotation": {
						"0.0": {
							"vector": [93.77309, 25.56782, 1.23003]
						},
						"0.125": {
							"vector": [5.95338, 41.07339, -46.91929]
						},
						"0.25": {
							"vector": [-22.5, 0, 0]
						},
						"0.375": {
							"vector": [-132.12828, -5.93277, -15.24003]
						},
						"0.5": {
							"vector": [-76.75656, -11.86554, -30.48005]
						}
					},
					"position": {
						"0.0": {
							"vector": [-3, 2, 2]
						},
						"0.125": {
							"vector": [-2, 5, 2]
						},
						"0.25": {
							"vector": [0, 1, -1]
						},
						"0.375": {
							"vector": [-4, 3, 1.5]
						},
						"0.5": {
							"vector": [0, 5, 0]
						}
					}
				},
				"soul2": {
					"rotation": {
						"0.0": {
							"vector": [0.2276, -42.67982, 25.55575]
						},
						"0.125": {
							"vector": [20.17393, -10.17781, 25.68482]
						},
						"0.25": {
							"vector": [-12.5, 0, 0]
						},
						"0.375": {
							"vector": [17.5, 0, 0]
						},
						"0.5": {
							"vector": [12.5, 0, 0]
						}
					},
					"position": {
						"0.0": {
							"vector": [0, 1, 2]
						},
						"0.125": {
							"vector": [0, -1, 3]
						},
						"0.25": {
							"vector": [0, -1, -1]
						},
						"0.375": {
							"vector": [4, -4.5, -2]
						},
						"0.5": {
							"vector": [0, -4, -3]
						}
					}
				},
				"soul3": {
					"rotation": {
						"0.0": {
							"vector": [11.12831, -44.79218, -102.94785]
						},
						"0.125": {
							"vector": [-14.00194, -44.13603, -67.64892]
						},
						"0.25": {
							"vector": [0, 0, -20]
						},
						"0.375": {
							"vector": [-29.49826, 24.28484, -12.73381]
						},
						"0.5": {
							"vector": [0, 0, -77.5]
						}
					},
					"position": {
						"0.0": {
							"vector": [5, 3, 1]
						},
						"0.125": {
							"vector": [2, 0, 0]
						},
						"0.25": {
							"vector": [2, 3, 0]
						},
						"0.375": {
							"vector": [1.5, 4, 0]
						},
						"0.5": {
							"vector": [5, 3, 0]
						}
					}
				}
			}
		}
	},
	"azurelib_format_version": 2
}